{
    "loss": 7.729196071624756,
    "accuracy": 0.4954710006713867
}